{
  "ar": {
    "toxicity_orig": 0.9950082008953044,
    "toxicity": 0.9950082008953044,
    "toxicity_reduction": 0.0,
    "similarity": 0.9795722458799417,
    "fluency": -2.259729925501952,
    "total_samples": 453,
    "samples_masked": 0
  },
  "de": {
    "toxicity_orig": 0.9829525732580805,
    "toxicity": 0.9581279100754314,
    "toxicity_reduction": 0.024824663182649087,
    "similarity": 0.9661423271352595,
    "fluency": -5.266624961116097,
    "total_samples": 440,
    "samples_masked": 91
  },
  "uk": {
    "toxicity_orig": 0.8694888074448681,
    "toxicity": 0.8694888074448681,
    "toxicity_reduction": 0.0,
    "similarity": 0.9627184757590294,
    "fluency": -3.0886625772714615,
    "total_samples": 400,
    "samples_masked": 0
  },
  "zh": {
    "toxicity_orig": 0.9714941372734929,
    "toxicity": 0.9714941372734929,
    "toxicity_reduction": 0.0,
    "similarity": 0.9548745345593688,
    "fluency": -3.662464567253417,
    "total_samples": 401,
    "samples_masked": 0
  }
}